<?xml version="1.0" encoding="UTF-8"?><projetos><projeto nome="CurvaDaBorboleta"><basedir>/home/italo/NetBeansProjects/explab/projetos/CurvaDaBorboleta</basedir></projeto><projeto nome="Esferoide"><basedir>/home/italo/NetBeansProjects/explab/projetos/Esferoide</basedir></projeto><projeto nome="Esferoide2"><basedir>/home/italo/NetBeansProjects/explab/projetos/Esferoide2</basedir></projeto><projeto nome="FuncSeashell"><basedir>/home/italo/NetBeansProjects/explab/projetos/FuncSeashell</basedir></projeto><projeto nome="FuncsCirculares2D"><basedir>/home/italo/NetBeansProjects/explab/projetos/FuncsCirculares2D</basedir></projeto><projeto nome="KMeans"><basedir>/home/italo/NetBeansProjects/explab/projetos/KMeans</basedir></projeto><projeto nome="Rosquinhas"><basedir>/home/italo/NetBeansProjects/explab/projetos/Rosquinhas</basedir></projeto><projeto nome="SOM"><basedir>/home/italo/NetBeansProjects/explab/projetos/SOM</basedir></projeto><projeto nome="TriplaEsferoide"><basedir>/home/italo/NetBeansProjects/explab/projetos/TriplaEsferoide</basedir></projeto><projeto nome="Gaussiana3D"><basedir>/home/italo/NetBeansProjects/explab/projetos/Gaussiana3D</basedir></projeto><projeto nome="FuncCircular3D"><basedir>/home/italo/NetBeansProjects/explab/explab-2.4/projetos/FuncCircular3D</basedir></projeto><projeto nome="MalhaFunc3D"><basedir>/home/italo/NetBeansProjects/explab/explab-2.4/projetos/MalhaFunc3D</basedir></projeto></projetos>