<?xml version="1.0" encoding="UTF-8"?><projetos><projeto nome="CurvaDaBorboleta"><basedir>C:\Users\italo\NetBeansProjects\explab\explab-2.4.3\projetos\CurvaDaBorboleta</basedir></projeto><projeto nome="Esferoide"><basedir>C:\Users\italo\NetBeansProjects\explab\explab-2.4.3\projetos\Esferoide</basedir></projeto><projeto nome="Esferoide2"><basedir>C:\Users\italo\NetBeansProjects\explab\explab-2.4.3\projetos\Esferoide2</basedir></projeto><projeto nome="FuncCircular3D"><basedir>C:\Users\italo\NetBeansProjects\explab\explab-2.4.3\projetos\FuncCircular3D</basedir></projeto><projeto nome="FuncSeashell"><basedir>C:\Users\italo\NetBeansProjects\explab\explab-2.4.3\projetos\FuncSeashell</basedir></projeto><projeto nome="FuncsCirculares2D"><basedir>C:\Users\italo\NetBeansProjects\explab\explab-2.4.3\projetos\FuncsCirculares2D</basedir></projeto><projeto nome="Gaussiana3D"><basedir>C:\Users\italo\NetBeansProjects\explab\explab-2.4.3\projetos\Gaussiana3D</basedir></projeto><projeto nome="KMeans"><basedir>C:\Users\italo\NetBeansProjects\explab\explab-2.4.3\projetos\KMeans</basedir></projeto><projeto nome="MalhaFunc3D"><basedir>C:\Users\italo\NetBeansProjects\explab\explab-2.4.3\projetos\MalhaFunc3D</basedir></projeto><projeto nome="Rosquinhas"><basedir>C:\Users\italo\NetBeansProjects\explab\explab-2.4.3\projetos\Rosquinhas</basedir></projeto><projeto nome="SOM"><basedir>C:\Users\italo\NetBeansProjects\explab\explab-2.4.3\projetos\SOM</basedir></projeto><projeto nome="TriplaEsferoide"><basedir>C:\Users\italo\NetBeansProjects\explab\explab-2.4.3\projetos\TriplaEsferoide</basedir></projeto></projetos>